{
  "current-scene": "adb2948d-929f-4e73-9c20-120f9e481787",
  "gizmos-infos": {
    "iconGizmoSize": 2,
    "isGridVisible": true,
    "isIconGizmo3D": false
  },
  "camera-infos": {
    "f46876e4-e81b-4931-b493-6d367be385e7": {
      "position": {
        "x": -93.15856238902347,
        "y": 426.6125193959451,
        "z": 1911.9849299326481
      },
      "rotation": {
        "w": 0.9932268416609248,
        "x": -0.06107364565413517,
        "y": 0.09865924964505793,
        "z": 0.006066569891777203
      },
      "viewCenter": {
        "x": -439.1866577942393,
        "y": 209.4740797799174,
        "z": 187.39595484032452
      }
    }
  },
  "camera-uuids": [
    "f46876e4-e81b-4931-b493-6d367be385e7"
  ]
}
